{"DefaultTint":{"r":0.6000000238418579,"g":0.6000000238418579,"b":0.699999988079071,"a":0.699999988079071},"FoldersData":{"Keys":["00000000000000001000000000000000","91592e6ef62ac6d43b8ab4a927b6332d"],"Values":[{"_guid":"00000000000000001000000000000000","_color":{"r":0.9433962106704712,"g":0.3337486684322357,"b":0.4389742910861969,"a":0.699999988079071},"_recursive":true},{"_guid":"91592e6ef62ac6d43b8ab4a927b6332d","_color":{"r":0.47641509771347048,"g":1.0,"b":0.5373270511627197,"a":0.699999988079071},"_recursive":true}]}}